Abhijit_Mitra          --> ()
Amitash_Ojha           --> ()
Anil_Kumar_Vuppala     --> (Anil_Kumar)
Anoop_Namboodiri       --> (Anoop)
Anubha_Gupta           --> (Anubha)
Ashok_Kumar_Das	       --> (Ashok_Kumar, Ashok)
Azeemuddin_Syed        --> (Azeemuddin)
Bagga_R_K             --> (Bagga, R_K_Bagga)
Banatanwi_Das_Mahapatra--> (Banatanwi_Das, Mahapatra)
Bhaskararao_Peri       --> (Bhaskararao, Peri_Bhaskararao)
Bipin_Indurkhya        --> (Bipin)
Bruhadeshwar_Bezawada  --> (Bruhadeshwar, Bezawada)
Chakrapani_Bommaraju   --> ()
Chandrasekher_Mukku    --> (Chandrasekher)
Chenna_Rajaram         --> (Chenna)
Deva_Priyakumar        --> ()
Devansh_Mittal         --> ()
Dipti_M_Sharma         --> (Dipti_Sharma, Dipti_Misra_Sharma)
Giridhar_Rao_A         --> (Giridhar_Rao, Giridhar)
Govindarajulu_R       --> (Govindarajulu)
Harjinder_Singh        --> (Harjinder)
Harsh_Satya            --> ()
Indranil_Chakarbarty   --> (Indranil)
Jawahar_C_V            --> (C_V_Jawahar,Jawahar)
Jayanthi_Sivaswamy    --> (Jayanthi)
Jayashree_Ratnam       --> (Jayashree)
Kamal_Karlapalem       --> ()
Kaul_C_N             --> (C_N_Kaul)
Kavita_Vemuri          --> (Kavita)
Kirti_Garg             --> (Kirti)
Kishore_Kothapalli     --> ()
Kishore_S_P          --> (K_P, Kishore_Prahallad)
Krishna_Reddy_P        --> (P_K_Reddy,Krishna_Reddy)
Madhava_Krishna_K     --> (Madhava_Krishna)
Marimuthu_Krishnan     --> (Marimuthu)
Mulualem_Teku          --> (Mulualem)
Naini_Arora            --> ()
Nanda_Kishore_Acharya  --> (Nanda_Kishore)
Narayanan_P_J          --> (P_J_N,P_J_Narayanan)
Navjyoti_Singh         --> (Navjyoti)
Neelima_Satyam_D       --> (Neelima,Neelima_Satyam)
Nita_Parekh            --> ()
Piyush_Bansal          --> ()
Prabhakar_Bhimalapuram --> (Prabhakar)
Pradeep_Kumar_R        --> (Pradeep_Kumar,Pradeep)
Pranav_K_Vashishta     --> (Pranav_Vashishta)
Prashanth_Reddy_Mannem --> (Prashanth_Reddy)
Priyanka_Srivastava    --> (Priyanka,Srivastava)
Radhika_Mamidi         --> ()
Raghu_Reddy_Y          --> (Raghu_Reddy)
Rajan_K_S              --> (K_S_Rajan,Rajan)
Rajeev_Sangal          --> ()
Rajesh_Kumar_Tavva     --> (Rajesh_Kumar)
Rama_Murthy_G        --> (Rama_Murthy)
Ramachandra_Prasad_P   --> (Ramachandra_Prasad)
Rambabu_Kalla          --> (Rambabu)
Rao_P_R_K              --> (P_R_K Rao)
Sandhya_V_Kode         --> (Sandhya_Kode)
Sharma_K_R             --> (K_R_Sharma)
Sharmistha_Kar         --> (Sharmistha)
Shatrunjay_Rawat       --> (Shatrunjay,Rawat)
Shubhajit_Roy_Chowdhury--> (Shubhajit_Roy)
Soma_Paul	       --> ()
Sonal_Nimbkar          --> ()
Srinathan_Kannan       --> (Kannan_Srinathan,Kannan)
Sriram_V               --> (Sriram)
Sunil_M_Lohar         --> (Sunil_Lohar)
Suresh_Purini          --> ()
Suril_Vijaykumar_Shah  --> (Suril_Shah)
Suryakanth_V_G        --> (Suryakanth, Gangashetty)
Syamasundar_Reddy_G    --> (Syamasundar_Reddy)
Tapan_Kumar_Sau        --> (Tapan_Kumar)
Vasudeva_Verma         --> ()
Venkata_Dilip_Kumar_P  --> (Venkata_Dilip_Kumar)
Venkatesh_Choppella    --> ()
Venkateswarlu_M        --> (Venkateswarlu)
Vijay_Prakash_E        --> (Vijay_Prakash)
Vijaya_Sankara_Rao_P   --> (Vijaya_Sankara_Rao)
Vikram_Pudi            --> ()
Vinay_Kumar_Mittal     --> (Vinay_Kumar)
Vineet_Chaitanya       --> ()
Vishal_Garg            --> ()
Viswanath_K            --> (Viswanath)
Yegnanarayana_B        --> (Yegnanarayana)
