Abhijit_Mitra          --> (Mitra, Abhijit)
Amitash_Ojha           --> (Amitash,Ojha)
Anil_Kumar_Vuppala     --> (Anil_Kumar,Vuppala, Anil)
Anoop_Namboodiri       --> (Anoop,Namboodiri)
Anubha_Gupta           --> (Anubha, Gupta)
Ashok_Kumar_Das	       --> (Ashok_Kumar, Ashok_Das, Ashok)
Azeemuddin_Syed        --> (Azeemuddin, Syed)
Bagga_R_K             --> (Bagga, R_K_Bagga)
Banatanwi_Das_Mahapatra--> (Banatanwi_Das, Mahapatra, Banatanwi_Mahapatra)
Bhaskararao_Peri       --> (Bhaskararao, Peri, Peri_Bhaskararao)
Bipin_Indurkhya        --> (Bipin, Indurkhya)
Bruhadeshwar_Bezawada  --> (Bruhadeshwar, Bezawada)
Chakrapani_Bommaraju   --> (Chakrapani, Bommaraju)
Chandrasekher_Mukku    --> (Chandrasekher, Mukku, Mukku_Chandrasekher)
Chenna_Rajaram         --> (Chenna, Rajaram, Rajaram_Chenna)
Deva_Priyakumar        --> (Deva,Priyakumar)
Devansh_Mittal         --> (Devansh,Mittal)
Dipti_M_Sharma         --> (Dipti,Sharma, Dipti_Sharma)
Giridhar_Rao_A         --> (Giridhar_Rao, Rao, Giridhar)
Govindarajulu_R       --> (Govindarajulu)
Harjinder_Singh        --> (Harjinder, Singh)
Harsh_Satya            --> (Harsha, Satya, Satya_Harsha)
Indranil_Chakarbarty   --> (Indranil,Chakarbarty)
Jawahar_C_V            --> (C_V_Jawahar,Jawahar)
Jayanthi_Sivaswamy    --> (Jayanthi,Sivaswamy)
Jayashree_Ratnam       --> (Jayashree,Ratnam)
Kamal_Karlapalem       --> (Kamal,Karlapalem)
Kaul_C_N             --> (C_N_Kaul,Kaul)
Kavita_Vemuri          --> (Kavita,Vemuri, Vemuri_Kavita)
Kirti_Garg             --> (Kirti,Garg)
Kishore_Kothapalli     --> (Kothapalli, Kishore)
Kishore_S_P          --> (K_P, Kishore_Prahallad, Kishore)
Krishna_Reddy_P        --> (P_K_Reddy,Krishna_Reddy, Reddy, Krishna)
Madhava_Krishna_K     --> (Madhava_Krishna, Madhava, Krishna)
Marimuthu_Krishnan     --> (Marimuthu,Krishnan)
Mulualem_Teku          --> (Mulualem,Teku)
Naini_Arora            --> (Naini,Arora)
Nanda_Kishore_Acharya  --> (Nanda_Kishore,Acharya, Nanda, Kishore)
Narayanan_P_J          --> (P_J_N,P_J_Narayanan, Narayanan)
Navjyoti_Singh         --> (Navjyoti, Singh)
Neelima_Satyam_D       --> (Neelima,Satyam,Neelima_Satyam)
Nita_Parekh            --> (Nita,Parekh)
Piyush_Bansal          --> (Piyush,Bansal)
Prabhakar_Bhimalapuram --> (Prabhakar,Bhimalapuram)
Pradeep_Kumar_R        --> (Pradeep_Kumar,Pradeep)
Pranav_K_Vashishta     --> (Pranav_Vashishta,Pranav,Vashishta)
Prashanth_Reddy_Mannem --> (Prashanth,Prashanth_Reddy,Mannem, Reddy)
Priyanka_Srivastava    --> (Priyanka,Srivastava)
Radhika_Mamidi         --> (Radhika,Mamidi)
Raghu_Reddy_Y          --> (Raghu_Reddy, Reddy, Raghu)
Rajan_K_S              --> (K_S_Rajan,Rajan)
Rajeev_Sangal          --> (Sanghal,Rajeev)
Rajesh_Kumar_Tavva     --> (Tavva_Rajesh,Rajesh,Tavva, Rajesh_Kumar)
Rama_Murthy_G        --> (Rama_Murthy, Rama, Murthy)
Ramachandra_Prasad_P   --> (Ramachandra_Prasad, Ramachandra, Prasad)
Rambabu_Kalla          --> (Rambabu,Kalla)
Rao_P_R_K              --> (P_R_K Rao, Rao)
Sandhya_V_Kode         --> (Sandhya,Kode, Sandhya_Kode)
Sharma_K_R             --> (K_R_Sharma,Sharma)
Sharmistha_Kar         --> (Sharmistha,Kar)
Shatrunjay_Rawat       --> (Shatrunjay,Rawat)
Shubhajit_Roy_Chowdhury--> (S_R_C,Shubhajit_Roy, Shubhajit, Roy, Chowdhury)
Soma_Paul	       --> (Soma,Paul)
Sonal_Nimbkar          --> (Sonal,Nimbkar)
Srinathan_Kannan       --> (Kannan_Srinathan,Kannan,Srinathan)
Sriram_V               --> (Sriram)
Sunil_M_Lohar         --> (Sunil_Lohar,Lohar, Sunil)
Suresh_Purini          --> (Suresh,Purini)
Suril_Vijaykumar_Shah  --> (Suril_Shah,Suril, Suril_V_Shah, Shah)
Suryakanth_V_G        --> (Suryakanth, S_V_G, Gangashetty)
Syamasundar_Reddy_G    --> (Syamasundar_Reddy,Syamasundar, Reddy)
Tapan_Kumar_Sau        --> (Tapan_Kumar,Tapan,Sau, Tapan_Sau)
Vasudeva_Verma         --> (Vasudeva,Verma, V_V)
Venkata_Dilip_Kumar_P  --> (Venkata_Dilip_Kumar,Dilip_Kumar, Venkata)
Venkatesh_Choppella    --> (Venkatesh,Choppella)
Venkateswarlu_M        --> (Venkateswarlu)
Vijay_Prakash_E        --> (Vijay_Prakash, Vijay, Prakash)
Vijaya_Sankara_Rao_P   --> (Vijaya_Sankara_Rao, Vijaya, Sankara, Rao, Vijaya_Sankara)
Vikram_Pudi            --> (Vikram,Pudi)
Vinay_Kumar_Mittal     --> (Vinay_Kumar,Mittal,Vinay, Vinay_Mittal)
Vineet_Chaitanya       --> (Vineet,chaitanya)
Vishal_Garg            --> (Vishal,Garg)
Viswanath_K            --> (Viswanath)
Yegnanarayana_B        --> (Yegnanarayana)
